season,element_id,name,position,team
2026,10,Benjamin White,DEF,ARS
2026,11,Cristhian Mosquera,DEF,ARS
2026,31,Ezri Konsa Ngoyo,DEF,ARS
2026,4,Gabriel dos Santos Magalhães,DEF,ARS
2026,5,Jurriën Timber,DEF,ARS
2026,9,Piero Hincapié,DEF,ARS
2026,8,Riccardo Calafiori,DEF,ARS
2026,6,William Saliba,DEF,ARS
2026,38,Andrés García,DEF,AVL
2026,36,Ian Maatsen,DEF,AVL
2026,39,Kosta Nedeljkovic,DEF,AVL
2026,30,Lucas Digne,DEF,AVL
2026,596,Matteo Ruggeri,DEF,AVL
2026,32,Matty Cash,DEF,AVL
2026,34,Pau Torres,DEF,AVL
2026,33,Tyrone Mings,DEF,AVL
2026,37,Victor Lindelöf,DEF,AVL
2026,117,Diego Coppola,DEF,BHA
2026,113,Ferdi Kadıoğlu,DEF,BHA
2026,118,Igor Julio dos Santos de Paulo,DEF,BHA
2026,119,João Pedro Loureiro da Costa,DEF,BHA
2026,116,Lewis Dunk,DEF,BHA
2026,504,Luka Vušković,DEF,BHA
2026,130,Mats Wieffer,DEF,BHA
2026,115,Maxim De Cuyper,DEF,BHA
2026,120,Michael Svoboda,DEF,BHA
2026,114,Olivier Boscagli,DEF,BHA
2026,328,Pascal Struijk,DEF,BHA
2026,64,Adam Smith,DEF,BOU
2026,61,Adrien Truffert,DEF,BOU
2026,555,António João Pereira de Albuquerque Tavares da Silva,DEF,BOU
2026,62,Bafodé Diakité,DEF,BOU
2026,60,James Hill,DEF,BOU
2026,573,Juanlu Sánchez,DEF,BOU
2026,66,Julio Soler Barreto,DEF,BOU
2026,65,Julián Araujo Zúñiga,DEF,BOU
2026,63,Veljko Milosavljevic,DEF,BOU
2026,90,Aaron Hickey,DEF,BRE
2026,91,Ethan Pinnock,DEF,BRE
2026,93,Jannik Schuster,DEF,BRE
2026,92,Kim Ji-soo,DEF,BRE
2026,87,Kristoffer Ajer,DEF,BRE
2026,88,Michael Kayode,DEF,BRE
2026,84,Nathan Collins,DEF,BRE
2026,89,Rico Henry,DEF,BRE
2026,85,Sepp van den Berg,DEF,BRE
2026,558,Aaron Anselmino,DEF,CHE
2026,153,Axel Disasi,DEF,CHE
2026,146,Benoît Badiashile Mukinayi,DEF,CHE
2026,148,Jorrel Hato,DEF,CHE
2026,151,Josh Acheampong,DEF,CHE
2026,149,Levi Samuels Colwill,DEF,CHE
2026,144,Malo Gusto,DEF,CHE
2026,150,Mamadou Sarr,DEF,CHE
2026,152,Marco Palestra,DEF,CHE
2026,200,Maxence Lacroix,DEF,CHE
2026,583,Pep Chavarría,DEF,CHE
2026,142,Reece James,DEF,CHE
2026,147,Tosin Adarabioyo,DEF,CHE
2026,143,Trevoh Chalobah,DEF,CHE
2026,145,Wesley Fofana,DEF,CHE
2026,182,Aurèle Amenda,DEF,COV
2026,173,Bobby Thomas,DEF,COV
2026,178,Jake Bidwell,DEF,COV
2026,176,Jay Dasilva,DEF,COV
2026,179,Joel Latibeaudiere,DEF,COV
2026,177,Kaine Kesler-Hayden,DEF,COV
2026,174,Liam Kitching,DEF,COV
2026,180,Luke Woolfenden,DEF,COV
2026,181,Miguel Brau,DEF,COV
2026,175,Milan van Ewijk,DEF,COV
2026,588,Anan Khalaili,DEF,CRY
2026,205,Borna Sosa,DEF,CRY
2026,206,Chadi Riad Dnanou,DEF,CRY
2026,202,Chris Richards,DEF,CRY
2026,201,Daniel Muñoz Mejía,DEF,CRY
2026,203,Jaydee Canvot,DEF,CRY
2026,207,Oscar Mingueza,DEF,CRY
2026,220,Rio Cardines,DEF,CRY
2026,575,Takehiro Tomiyasu,DEF,CRY
2026,204,Tyrick Mitchell,DEF,CRY
2026,235,Adam Aznou,DEF,EVE
2026,232,Jake O'Brien,DEF,EVE
2026,229,James Tarkowski,DEF,EVE
2026,230,Jarrad Branthwaite,DEF,EVE
2026,231,Michael Keane,DEF,EVE
2026,234,Nathan Patterson,DEF,EVE
2026,233,Vitalii Mykolenko,DEF,EVE
2026,254,Antonee Robinson,DEF,FUL
2026,257,Calvin Bassey,DEF,FUL
2026,253,Joachim Andersen,DEF,FUL
2026,255,Jorge Cuenca Barreno,DEF,FUL
2026,256,Kenny Tete,DEF,FUL
2026,269,Ryan Sessegnon,DEF,FUL
2026,258,Timothy Castagne,DEF,FUL
2026,284,Cathal McCarthy,DEF,HUL
2026,278,Charlie Hughes,DEF,HUL
2026,281,Cody Drameh,DEF,HUL
2026,277,John Egan,DEF,HUL
2026,280,Lewie Coyle,DEF,HUL
2026,585,Lucas Herrington,DEF,HUL
2026,560,Matt Targett,DEF,HUL
2026,283,Matty Jacob,DEF,HUL
2026,586,Nobel Mendy,DEF,HUL
2026,285,Paddy McNair,DEF,HUL
2026,282,Ryan Giles,DEF,HUL
2026,279,Semi Ajayi,DEF,HUL
2026,592,Abdoul Ouattara,DEF,IPS
2026,307,Ben Johnson,DEF,IPS
2026,303,Cédric Kipré,DEF,IPS
2026,304,Dara O'Shea,DEF,IPS
2026,308,Darnell Furlong,DEF,IPS
2026,259,Issa Diop,DEF,IPS
2026,306,Jacob Greaves,DEF,IPS
2026,305,Leif Davis,DEF,IPS
2026,331,Gabriel Gudmundsson,DEF,LEE
2026,327,Jaka Bijol,DEF,LEE
2026,332,James Justin,DEF,LEE
2026,330,Jayden Bogle,DEF,LEE
2026,329,Joe Rodon,DEF,LEE
2026,599,Nico Elvedi,DEF,LEE
2026,333,Sebastiaan Bornauw,DEF,LEE
2026,334,Tarik Muharemović,DEF,LEE
2026,365,Calvin Ramsay,DEF,LIV
2026,360,Conor Bradley,DEF,LIV
2026,363,Giovanni Leoni,DEF,LIV
2026,357,Jeremie Frimpong,DEF,LIV
2026,362,Jeremy Jacquet,DEF,LIV
2026,359,Joe Gomez,DEF,LIV
2026,364,Kostas Tsimikas,DEF,LIV
2026,358,Milos Kerkez,DEF,LIV
2026,580,Ronald Araujo,DEF,LIV
2026,356,Virgil van Dijk,DEF,LIV
2026,361,Wellity Lucky,DEF,LIV
2026,393,Abdukodir Khusanov,DEF,MCI
2026,391,Joško Gvardiol,DEF,MCI
2026,388,Marc Guéhi,DEF,MCI
2026,389,Matheus Nunes,DEF,MCI
2026,394,Max Alleyne,DEF,MCI
2026,387,Nico O'Reilly,DEF,MCI
2026,392,Rayan Aït-Nouri,DEF,MCI
2026,395,Rico Lewis,DEF,MCI
2026,390,Rúben dos Santos Gato Alves Dias,DEF,MCI
2026,396,Vitor de Oliveira Nunes dos Reis,DEF,MCI
2026,421,Ayden Heaven,DEF,MUN
2026,417,Diogo Dalot Teixeira,DEF,MUN
2026,424,Harry Amass,DEF,MUN
2026,418,Harry Maguire,DEF,MUN
2026,420,Leny Yoro,DEF,MUN
2026,419,Lisandro Martínez,DEF,MUN
2026,423,Luke Shaw,DEF,MUN
2026,416,Matthijs de Ligt,DEF,MUN
2026,422,Noussair Mazraoui,DEF,MUN
2026,425,Tyler Fredricson,DEF,MUN
2026,451,Alex Murphy,DEF,NEW
2026,595,Amar Dedic,DEF,NEW
2026,448,Dan Burn,DEF,NEW
2026,446,Fabian Schär,DEF,NEW
2026,449,Lewis Hall,DEF,NEW
2026,445,Malick Thiaw,DEF,NEW
2026,447,Sven Botman,DEF,NEW
2026,450,Tino Livramento,DEF,NEW
2026,470,Felipe Rodrigues da Silva,DEF,NFO
2026,474,Jair Paula da Cunha Filho,DEF,NFO
2026,478,Luca Netz,DEF,NFO
2026,472,Murillo Costa dos Santos,DEF,NFO
2026,469,Neco Williams,DEF,NFO
2026,475,Nicolò Savona,DEF,NFO
2026,471,Nikola Milenković,DEF,NFO
2026,473,Ola Aina,DEF,NFO
2026,476,Omar Richards,DEF,NFO
2026,581,Ousmane Diomande,DEF,NFO
2026,479,Tyler Bindon,DEF,NFO
2026,477,Zach Abbott,DEF,NFO
2026,540,Arthur Masuaku,DEF,SUN
2026,532,Daniel Ballard,DEF,SUN
2026,537,Jenson Seelt,DEF,SUN
2026,538,Leo Fuhr Hjelde,DEF,SUN
2026,539,Luke O'Nien,DEF,SUN
2026,533,Nordi Mukiele,DEF,SUN
2026,535,Omar Alderete,DEF,SUN
2026,536,Reinildo Mandava,DEF,SUN
2026,541,Thomas Meunier,DEF,SUN
2026,534,Trai Hume,DEF,SUN
2026,502,Andrew Robertson,DEF,TOT
2026,507,Ashley Phillips,DEF,TOT
2026,508,Ben Davies,DEF,TOT
2026,500,Cristian Romero,DEF,TOT
2026,506,Destiny Udogie,DEF,TOT
2026,505,Djed Spence,DEF,TOT
2026,510,James Rowswell,DEF,TOT
2026,112,Jan Paul van Hecke,DEF,TOT
2026,511,João Victor de Souza Menezes,DEF,TOT
2026,509,Jun'ai Byfield,DEF,TOT
2026,501,Kevin Danso,DEF,TOT
2026,498,Marcos Senesi Barón,DEF,TOT
2026,503,Micky van de Ven,DEF,TOT
2026,499,Pedro Porro Sauceda,DEF,TOT
2026,27,Gabriel Fernando de Jesus,FWD,ARS
2026,26,Kai Havertz,FWD,ARS
2026,25,Viktor Gyökeres,FWD,ARS
2026,582,Brian Madjo,FWD,AVL
2026,55,Ollie Watkins,FWD,AVL
2026,56,Tammy Abraham,FWD,AVL
2026,138,Charalampos Kostoulas,FWD,BHA
2026,139,Evan Ferguson,FWD,BHA
2026,125,Georginio Rutter,FWD,BHA
2026,593,Promise David,FWD,BHA
2026,137,Stefanos Tzimas,FWD,BHA
2026,80,Enes Ünal,FWD,BOU
2026,79,Francisco Evanilson de Lima Barbosa,FWD,BOU
2026,81,Álvaro Rodríguez,FWD,BOU
2026,108,Callum Wilson,FWD,BRE
2026,106,Igor Thiago Nascimento Rodrigues,FWD,BRE
2026,107,Kaye Furo,FWD,BRE
2026,136,Danny Welbeck,FWD,CHE
2026,170,Emmanuel Emegha,FWD,CHE
2026,165,João Pedro Junqueira de Jesus,FWD,CHE
2026,167,Liam Delap,FWD,CHE
2026,168,Marc Guiu Paz,FWD,CHE
2026,166,Nicolas Jackson,FWD,CHE
2026,169,Shumaira Mheuka,FWD,CHE
2026,194,Brandon Thomas-Asante,FWD,COV
2026,195,Ellis Simms,FWD,COV
2026,193,Haji Wright,FWD,COV
2026,196,Jahnoah Markelo,FWD,COV
2026,197,Norman Bassette,FWD,COV
2026,598,Sidiki Cherif,FWD,COV
2026,492,Taiwo Awoniyi,FWD,COV
2026,225,Christantus Uche,FWD,CRY
2026,224,Eddie Nketiah,FWD,CRY
2026,223,Jean-Philippe Mateta,FWD,CRY
2026,222,Jørgen Strand Larsen,FWD,CRY
2026,248,Norberto Bercique Gomes Betuncal,FWD,EVE
2026,249,Thierno Barry,FWD,EVE
2026,569,Gonzalo García,FWD,FUL
2026,272,Jonah Kusi-Asare,FWD,FUL
2026,271,Rodrigo Muniz Carvalho,FWD,FUL
2026,298,Enis Destan,FWD,HUL
2026,299,Mason Burstow,FWD,HUL
2026,295,Oli McBurnie,FWD,HUL
2026,322,Ali Al-Hamadi,FWD,IPS
2026,320,Chuba Akpom,FWD,IPS
2026,316,Emersonn Correia da Silva,FWD,IPS
2026,317,George Hirst,FWD,IPS
2026,321,Sindre Walle Egeli,FWD,IPS
2026,346,Dominic Calvert-Lewin,FWD,LEE
2026,348,Joël Piroe,FWD,LEE
2026,347,Lukas Nmecha,FWD,LEE
2026,349,Mateo Joseph Fernández-Regatillo,FWD,LEE
2026,379,Alexander Isak,FWD,LIV
2026,380,Hugo Ekitiké,FWD,LIV
2026,382,Jayden Danns,FWD,LIV
2026,411,Erling Haaland,FWD,MCI
2026,401,Omar Marmoush,FWD,MCI
2026,439,Benjamin Sesko,FWD,MUN
2026,441,Chido Obi,FWD,MUN
2026,440,Joshua Zirkzee,FWD,MUN
2026,463,Nick Woltemade,FWD,NEW
2026,466,Sean Neave,FWD,NEW
2026,465,William Osula,FWD,NEW
2026,464,Yoane Wissa,FWD,NEW
2026,493,Arnaud Kalimuendo,FWD,NFO
2026,490,Chris Wood,FWD,NFO
2026,491,Igor Jesus Maciel da Cruz,FWD,NFO
2026,552,Brian Brobbey,FWD,SUN
2026,553,Wilson Isidor,FWD,SUN
2026,528,Dane Scarlett,FWD,TOT
2026,526,Dominic Solanke-Mitchell,FWD,TOT
2026,527,Richarlison de Andrade,FWD,TOT
2026,1,David Raya Martín,GKP,ARS
2026,3,Illan Meslier,GKP,ARS
2026,2,Kepa Arrizabalaga Revuelta,GKP,ARS
2026,28,Emiliano Martínez Romero,GKP,AVL
2026,29,Marco Bizot,GKP,AVL
2026,597,Zion Suzuki,GKP,AVL
2026,109,Bart Verbruggen,GKP,BHA
2026,111,Jason Steele,GKP,BHA
2026,58,Fraser Forster,GKP,BOU
2026,59,Will Dennis,GKP,BOU
2026,57,Đorđe Petrović,GKP,BOU
2026,82,Caoimhín Kelleher,GKP,BRE
2026,83,Hákon Rafn Valdimarsson,GKP,BRE
2026,141,Filip Jörgensen,GKP,CHE
2026,557,Mike Penders,GKP,CHE
2026,140,Robert Lynch Sánchez,GKP,CHE
2026,172,Ben Wilson,GKP,COV
2026,110,Carl Rushworth,GKP,COV
2026,171,Oliver Dovin,GKP,COV
2026,198,Dean Henderson,GKP,CRY
2026,559,Remi Matthews,GKP,CRY
2026,199,Walter Benítez,GKP,CRY
2026,226,Jordan Pickford,GKP,EVE
2026,227,Mark Travers,GKP,EVE
2026,228,Tom King,GKP,EVE
2026,252,Alfie McNally,GKP,FUL
2026,251,Benjamin Lecomte,GKP,FUL
2026,250,Bernd Leno,GKP,FUL
2026,273,Dillon Phillips,GKP,HUL
2026,275,Harvey Cartwright,GKP,HUL
2026,274,Jack Butland,GKP,HUL
2026,571,Konstantinos Tzolakis,GKP,HUL
2026,276,Thimothée Lo-Tutala,GKP,HUL
2026,301,Alex Palmer,GKP,IPS
2026,300,Christian Walton,GKP,IPS
2026,302,David Button,GKP,IPS
2026,562,Kayne van Oevelen,GKP,IPS
2026,564,Kjell Scherpen,GKP,IPS
2026,385,James Trafford,GKP,LEE
2026,326,Lucas Estella Perri,GKP,LEE
2026,350,Alisson Becker,GKP,LIV
2026,353,Armin Pecsi,GKP,LIV
2026,352,Freddie Woodman,GKP,LIV
2026,351,Giorgi Mamardashvili,GKP,LIV
2026,355,Harvey Davies,GKP,LIV
2026,354,Vitezslav Jaros,GKP,LIV
2026,587,Gerónimo Rulli,GKP,MCI
2026,384,Gianluigi Donnarumma,GKP,MCI
2026,386,Marcus Bettinelli,GKP,MCI
2026,413,Altay Bayındır,GKP,MUN
2026,325,Karl Darlow,GKP,MUN
2026,412,Senne Lammens,GKP,MUN
2026,414,Tom Heaton,GKP,MUN
2026,444,Ewen Jaouen,GKP,NEW
2026,566,Lukás Hornícek,GKP,NEW
2026,443,Mark Gillespie,GKP,NEW
2026,442,Nick Pope,GKP,NEW
2026,468,John Victor Maciel Furtado,GKP,NFO
2026,467,Matz Sels,GKP,NFO
2026,590,Steven Benda,GKP,NFO
2026,530,Anthony Patterson,GKP,SUN
2026,531,Melker Ellborg,GKP,SUN
2026,529,Robin Roefs,GKP,SUN
2026,496,Antonín Kinský,GKP,TOT
2026,495,Brandon Austin,GKP,TOT
2026,494,Guglielmo Vicario,GKP,TOT
2026,497,Martin Dubravka,GKP,TOT
2026,452,Bruno Guimarães Rodriguez Moura,MID,ARS
2026,12,Bukayo Saka,MID,ARS
2026,554,Christos Tzolis,MID,ARS
2026,13,Declan Rice,MID,ARS
2026,14,Eberechi Eze,MID,ARS
2026,22,Ethan Nwaneri,MID,ARS
2026,23,Fábio Ferreira Vieira,MID,ARS
2026,18,Gabriel Martinelli Silva,MID,ARS
2026,15,Martin Ødegaard,MID,ARS
2026,19,Martín Zubimendi Ibáñez,MID,ARS
2026,20,Max Dowman,MID,ARS
2026,17,Mikel Merino Zazón,MID,ARS
2026,7,Myles Lewis-Skelly,MID,ARS
2026,16,Noni Madueke,MID,ARS
2026,24,Reiss Nelson,MID,ARS
2026,160,Alejandro Garnacho Ferreyra,MID,AVL
2026,52,Alysson Edward Franco da Rocha dos Santos,MID,AVL
2026,48,Amadou Onana,MID,AVL
2026,47,Boubacar Kamara,MID,AVL
2026,50,Bradley Burrowes,MID,AVL
2026,41,Emiliano Buendía Stati,MID,AVL
2026,51,George Hemmings,MID,AVL
2026,54,Joao Gomes,MID,AVL
2026,53,Johan Manzambi,MID,AVL
2026,45,John McGinn,MID,AVL
2026,35,Lamare Bogarde,MID,AVL
2026,44,Leon Bailey,MID,AVL
2026,46,Ross Barkley,MID,AVL
2026,49,Samuel Iling-Junior,MID,AVL
2026,131,Carlos Baleba,MID,BHA
2026,127,Diego Gómez Amarilla,MID,BHA
2026,128,Facundo Buonanotte,MID,BHA
2026,132,Harry Howell,MID,BHA
2026,600,Ibrahim Osman,MID,BHA
2026,123,Jack Hinshelwood,MID,BHA
2026,126,Matt O'Riley,MID,BHA
2026,121,Mitoma Kaoru,MID,BHA
2026,134,Nehemiah Oriola,MID,BHA
2026,124,Pascal Groß,MID,BHA
2026,133,Tom Watson,MID,BHA
2026,122,Yankuba Minteh,MID,BHA
2026,129,Yasin Ayari,MID,BHA
2026,135,Zadok Yohanna,MID,BHA
2026,69,Alex Scott,MID,BOU
2026,76,Alex Tóth,MID,BOU
2026,77,Amine Adli,MID,BOU
2026,72,Ben Gannon-Doak,MID,BOU
2026,74,David Brooks,MID,BOU
2026,78,Junior Kroupi,MID,BOU
2026,70,Justin Kluivert,MID,BOU
2026,71,Lewis Cook,MID,BOU
2026,68,Marcus Tavernier,MID,BOU
2026,67,Rayan Vitor Simplício Rocha,MID,BOU
2026,75,Ryan Christie,MID,BOU
2026,73,Tyler Adams,MID,BOU
2026,99,Antoni Milambo,MID,BRE
2026,95,Dango Ouattara,MID,BRE
2026,100,Fábio Freitas Gouveia Carvalho,MID,BRE
2026,105,Jaidon Anthony,MID,BRE
2026,103,Josh Dasilva,MID,BRE
2026,86,Keane Lewis-Potter,MID,BRE
2026,94,Kevin Schade,MID,BRE
2026,556,Mamadou Sangaré,MID,BRE
2026,97,Mathias Jensen,MID,BRE
2026,96,Mikkel Damsgaard,MID,BRE
2026,98,Vitaly Janelt,MID,BRE
2026,102,Yehor Yarmoliuk,MID,BRE
2026,154,Cole Palmer,MID,CHE
2026,163,Dário Luís Essugo,MID,CHE
2026,155,Enzo Fernández,MID,CHE
2026,157,Estêvão Almeida de Oliveira Gonçalves,MID,CHE
2026,164,Geovany Quenda,MID,CHE
2026,158,Jamie Bynoe-Gittens,MID,CHE
2026,101,Jordan Henderson,MID,CHE
2026,159,Moisés Caicedo Corozo,MID,CHE
2026,40,Morgan Rogers,MID,CHE
2026,578,Mykhailo Mudryk,MID,CHE
2026,156,Pedro Lomba Neto,MID,CHE
2026,161,Roméo Lavia,MID,CHE
2026,568,Valentín Barco,MID,CHE
2026,574,Caleb Yirenkyi,MID,COV
2026,186,Ephron Mason-Clark,MID,COV
2026,104,Frank Onyeka,MID,COV
2026,189,George Shepherd,MID,COV
2026,584,Gustavo Hamer,MID,COV
2026,183,Jack Rudoni,MID,COV
2026,187,Josh Eccles,MID,COV
2026,192,Kaine Andrews,MID,COV
2026,190,Loum Tchaouna,MID,COV
2026,184,Matt Grimes,MID,COV
2026,191,Raphael Borges Rodrigues,MID,COV
2026,185,Tatsuhiro Sakamoto,MID,COV
2026,188,Victor Torp,MID,COV
2026,210,Adam Wharton,MID,CRY
2026,218,Cheick Doucouré,MID,CRY
2026,214,Daichi Kamada,MID,CRY
2026,241,Dwight McNeil,MID,CRY
2026,42,Evann Guessand,MID,CRY
2026,208,Ismaïla Sarr,MID,CRY
2026,213,Jefferson Lerma Solís,MID,CRY
2026,219,Jesurun Rak-Sakyi,MID,CRY
2026,221,Joél Drakes-Thomas,MID,CRY
2026,215,Justin Devenny,MID,CRY
2026,217,Matheus França de Oliveira,MID,CRY
2026,216,Romain Esse,MID,CRY
2026,212,Will Hughes,MID,CRY
2026,211,Yéremy Pino Santos,MID,CRY
2026,594,Zavier Gozo,MID,CRY
2026,209,Brennan Johnson,MID,EVE
2026,243,Carlos Alcaraz Durán,MID,EVE
2026,21,Christian Nørgaard,MID,EVE
2026,244,Harrison Armstrong,MID,EVE
2026,247,Hayden Hackney,MID,EVE
2026,237,Iliman Ndiaye,MID,EVE
2026,239,James Garner,MID,EVE
2026,236,Kiernan Dewsbury-Hall,MID,EVE
2026,246,Merlin Röhl,MID,EVE
2026,240,Tim Iroegbunam,MID,EVE
2026,245,Tyler Dibling,MID,EVE
2026,242,Tyrique George,MID,EVE
2026,261,Alex Iwobi,MID,FUL
2026,570,César Palacios,MID,FUL
2026,262,Emile Smith Rowe,MID,FUL
2026,270,Harrison Reed,MID,FUL
2026,268,Josh King,MID,FUL
2026,263,Kevin Santos Lopes de Macedo,MID,FUL
2026,264,Oscar Bobb,MID,FUL
2026,265,Sander Berge,MID,FUL
2026,579,Shea Charles,MID,FUL
2026,266,Tom Cairney,MID,FUL
2026,292,Abdülkadir Ömür,MID,HUL
2026,293,Abu Kamara,MID,HUL
2026,297,Darko Gyabi,MID,HUL
2026,296,David Akintola,MID,HUL
2026,291,Eliot Matazo,MID,HUL
2026,577,Elliot Stroud,MID,HUL
2026,561,Hidemasa Morita,MID,HUL
2026,576,Jens Hjertø-Dahl,MID,HUL
2026,340,Joe Gelhardt,MID,HUL
2026,288,Kieran Dowell,MID,HUL
2026,287,Liam Millar,MID,HUL
2026,589,Lucas Gourna-Douath,MID,HUL
2026,289,Matt Crooks,MID,HUL
2026,286,Mohamed Belloumi,MID,HUL
2026,290,Regan Slater,MID,HUL
2026,294,Óscar Zambrano,MID,HUL
2026,315,Abdul Fatawu,MID,IPS
2026,324,Anis Mehmeti,MID,IPS
2026,310,Azor Matusiwa,MID,IPS
2026,314,Chiedozie Ogbene,MID,IPS
2026,563,Daizen Maeda,MID,IPS
2026,572,Florentino Ibrain Morris Luís,MID,IPS
2026,313,Jack Clarke,MID,IPS
2026,312,Jack Taylor,MID,IPS
2026,318,Jaden Philogene,MID,IPS
2026,591,Julio Enciso,MID,IPS
2026,323,Kasey McAteer,MID,IPS
2026,309,Marcelino Núñez,MID,IPS
2026,319,Sam Szmodics,MID,IPS
2026,267,Saša Lukić,MID,IPS
2026,311,Wes Burns,MID,IPS
2026,335,Anton Stach,MID,LEE
2026,337,Brenden Aaronson,MID,LEE
2026,343,Daniel James,MID,LEE
2026,338,Ethan Ampadu,MID,LEE
2026,260,Harry Wilson,MID,LEE
2026,344,Ilia Gruev,MID,LEE
2026,342,Jack Harrison,MID,LEE
2026,336,Noah Okafor,MID,LEE
2026,339,Sean Longstaff,MID,LEE
2026,345,Tanaka Ao,MID,LEE
2026,341,Wilfried Gnonto,MID,LEE
2026,372,Alexis Mac Allister,MID,LIV
2026,367,Cody Gakpo,MID,LIV
2026,373,Curtis Jones,MID,LIV
2026,368,Dominik Szoboszlai,MID,LIV
2026,374,Endo Wataru,MID,LIV
2026,370,Federico Chiesa,MID,LIV
2026,366,Florian Wirtz,MID,LIV
2026,383,Harvey Elliott,MID,LIV
2026,378,James McConnell,MID,LIV
2026,381,Lewis Koumas,MID,LIV
2026,369,Rio Ngumoha,MID,LIV
2026,371,Ryan Gravenberch,MID,LIV
2026,376,Stefan Bajčetić Maquieira,MID,LIV
2026,375,Trey Nyoni,MID,LIV
2026,377,Victor Munoz,MID,LIV
2026,397,Antoine Semenyo,MID,MCI
2026,407,Claudio Echeverri,MID,MCI
2026,409,Divine Mukasa,MID,MCI
2026,481,Elliot Anderson,MID,MCI
2026,238,Jack Grealish,MID,MCI
2026,410,Jeremy Monga,MID,MCI
2026,400,Jérémy Doku,MID,MCI
2026,408,Kalvin Phillips,MID,MCI
2026,406,Mateo Kovačić,MID,MCI
2026,405,Nico González Iglesias,MID,MCI
2026,398,Phil Foden,MID,MCI
2026,399,Rayan Cherki,MID,MCI
2026,402,Rodrigo 'Rodri' Hernandez Cascante,MID,MCI
2026,403,Sávio Moreira de Oliveira,MID,MCI
2026,404,Tijjani Reijnders,MID,MCI
2026,431,Amad Diallo,MID,MUN
2026,162,Andrey Nascimento dos Santos,MID,MUN
2026,437,Bendito Mantato,MID,MUN
2026,426,Bruno Borges Fernandes,MID,MUN
2026,427,Bryan Mbeumo,MID,MUN
2026,434,Jack Fletcher,MID,MUN
2026,432,Kobbie Mainoo,MID,MUN
2026,433,Manuel Ugarte Ribeiro,MID,MUN
2026,429,Marcus Rashford,MID,MUN
2026,430,Mason Mount,MID,MUN
2026,428,Matheus Santos Carneiro da Cunha,MID,MUN
2026,415,Patrick Dorgu,MID,MUN
2026,435,Shea Lacey,MID,MUN
2026,436,Toby Collyer,MID,MUN
2026,438,Tyler Fletcher,MID,MUN
2026,43,Youri Tielemans,MID,MUN
2026,565,Aladji Bamba,MID,NEW
2026,454,Anthony Elanga,MID,NEW
2026,461,Bazoumana Touré,MID,NEW
2026,453,Harvey Barnes,MID,NEW
2026,457,Jacob Murphy,MID,NEW
2026,456,Jacob Ramsey,MID,NEW
2026,460,Joe Willock,MID,NEW
2026,458,Joelinton Cássio Apolinário de Lira,MID,NEW
2026,459,Lewis Miley,MID,NEW
2026,462,Sean Steur,MID,NEW
2026,482,Callum Hudson-Odoi,MID,NFO
2026,483,Dan Ndoye,MID,NFO
2026,485,Dilane Bakwa,MID,NFO
2026,488,Ibrahim Sangaré,MID,NFO
2026,486,James McAtee,MID,NFO
2026,480,Morgan Gibbs-White,MID,NFO
2026,487,Nicolás Domínguez,MID,NFO
2026,484,Omari Hutchinson,MID,NFO
2026,489,Ryan Yates,MID,NFO
2026,567,Xaver Schlager,MID,NFO
2026,549,Chemsdine Talbi,MID,SUN
2026,548,Chris Rigg,MID,SUN
2026,550,Djiamgone Jocelin Ta Bi,MID,SUN
2026,542,Enzo Le Fée,MID,SUN
2026,544,Granit Xhaka,MID,SUN
2026,543,Habib Diarra,MID,SUN
2026,551,Nilson Angulo,MID,SUN
2026,545,Noah Sadiki,MID,SUN
2026,547,Romaine Mundle,MID,SUN
2026,546,Simon Adingra,MID,SUN
2026,522,Archie Gray,MID,TOT
2026,524,Callum Olusesi,MID,TOT
2026,519,Conor Gallagher,MID,TOT
2026,521,Dejan Kulusevski,MID,TOT
2026,515,James Maddison,MID,TOT
2026,520,Lucas Bergvall,MID,TOT
2026,525,Mateus Fernandes,MID,TOT
2026,514,Mathys Tel,MID,TOT
2026,523,Mikey Moore,MID,TOT
2026,512,Mohammed Kudus,MID,TOT
2026,518,Pape Matar Sarr,MID,TOT
2026,516,Rodrigo Bentancur,MID,TOT
2026,455,Sandro Tonali,MID,TOT
2026,517,Wilson Odobert,MID,TOT
2026,513,Xavi Simons,MID,TOT
